smiles,formula,band_gap_ev,formation_energy,stability_score,melting_point_k,name
O,H2O,8.5,-2.58,0.95,273.15,Water
C,CH4,7.2,-0.89,0.88,90.7,Methane
O=C=O,CO2,6.8,-3.94,0.92,216.6,Carbon_Dioxide
N,NH3,6.5,-0.46,0.85,195.4,Ammonia
CCO,C2H6O,7.0,-2.35,0.90,159.0,Ethanol
c1ccccc1,C6H6,5.5,-0.82,0.87,278.7,Benzene
CC(C)O,C3H8O,6.9,-2.45,0.89,185.3,Isopropanol
c1ccc(cc1)O,C6H6O,5.2,-1.25,0.86,314.0,Phenol
CC(=O)C,C3H6O,6.3,-1.78,0.88,178.5,Acetone
CCN,C2H7N,6.8,-0.92,0.87,183.3,Ethylamine
c1ccc2ccccc2c1,C10H8,4.8,-1.15,0.85,353.4,Naphthalene
C1CCCCC1,C6H12,6.5,-1.23,0.88,279.7,Cyclohexane
CC(C)(C)O,C4H10O,7.1,-2.67,0.90,298.8,Tert-butanol
Cc1ccccc1,C7H8,5.3,-0.95,0.86,178.2,Toluene
c1ccc(cc1)C,C7H8,5.4,-0.98,0.86,178.2,Methylbenzene
CC(C)C,C4H10,7.3,-1.45,0.88,113.5,Isobutane
CCCC,C4H10,7.2,-1.56,0.88,134.8,Butane
c1ccc(cc1)N,C6H7N,4.9,-0.85,0.84,267.1,Aniline
CC(=O)O,C2H4O2,6.7,-4.32,0.91,289.8,Acetic_Acid
CCOC,C3H8O,6.8,-2.52,0.89,160.0,Methyl_Ethyl_Ether
c1cc(ccc1O)O,C6H6O2,5.0,-2.15,0.87,378.0,Hydroquinone
CC(C)CC,C5H12,7.1,-1.89,0.88,160.0,Isopentane
C1CCOC1,C4H8O,6.2,-1.85,0.87,221.0,Tetrahydrofuran
c1ccc2c(c1)ccc3c2cccc3,C14H10,4.3,-1.45,0.83,373.0,Anthracene
CC(C)(C)C,C5H12,7.4,-2.01,0.89,263.6,Neopentane
c1ccc(cc1)Cl,C6H5Cl,5.6,-0.45,0.85,227.9,Chlorobenzene
CCCCO,C4H10O,6.9,-2.78,0.89,183.8,1-Butanol
c1ccc(cc1)F,C6H5F,5.8,-0.35,0.86,188.4,Fluorobenzene
CC1=CC=CC=C1,C7H8,5.3,-0.96,0.86,178.2,Toluene_isomer
c1ccc(cc1)Br,C6H5Br,5.4,-0.55,0.84,242.7,Bromobenzene
CCCCCC,C6H14,7.0,-2.34,0.88,177.8,Hexane
c1ccc(cc1)I,C6H5I,5.1,-0.68,0.83,261.5,Iodobenzene
CC(C)CC(C)C,C7H16,7.2,-3.12,0.89,224.0,Dimethylpentane
c1ccc2c(c1)oc3c2cccc3,C12H8O,4.5,-1.28,0.84,355.7,Dibenzofuran
CCCCCCC,C7H16,7.1,-2.67,0.88,182.6,Heptane
c1ccc(cc1)c2ccccc2,C12H10,4.6,-1.52,0.84,342.2,Biphenyl
CCCCCCCC,C8H18,7.0,-3.01,0.88,216.3,Octane
c1ccc2c(c1)sc3c2cccc3,C12H8S,4.4,-1.35,0.83,372.4,Dibenzothiophene
CCCCCCCCC,C9H20,6.9,-3.34,0.88,219.7,Nonane
CCCCCCCCCC,C10H22,6.8,-3.68,0.88,243.5,Decane
c1ccc2c(c1)[nH]c3c2cccc3,C12H9N,4.3,-1.22,0.83,362.0,Carbazole
CC(C)CCC(C)C,C8H18,7.1,-3.45,0.89,226.0,Dimethylhexane
c1ccc2c(c1)c3ccccc3[nH]2,C12H9N,4.2,-1.18,0.82,362.0,Carbazole_isomer
CCCCC(C)C,C7H16,7.2,-2.89,0.89,207.4,2-Methylhexane
c1ccc(c(c1)c2ccccc2)c3ccccc3,C18H14,4.1,-2.15,0.82,399.0,Triphenylmethane
CC(C)CCCC(C)C,C9H20,7.0,-3.78,0.89,240.0,Dimethylheptane
c1ccc(cc1)c2ccc(cc2)c3ccccc3,C18H14,4.0,-2.25,0.81,445.0,p-Terphenyl
CCCC(C)CCC,C8H18,7.1,-3.56,0.89,235.0,3-Methylheptane
c1ccc2c(c1)ccc3c2ccc4c3cccc4,C18H12,3.8,-2.45,0.80,478.0,Tetracene
CC(C)CC(C)CC(C)C,C10H22,7.2,-4.12,0.89,263.0,Trimethylheptane
O,H2O,8.5,-2.58,0.95,273.15,Water
C,CH4,7.2,-0.89,0.88,90.7,Methane
O=C=O,CO2,6.8,-3.94,0.92,216.6,Carbon_Dioxide
N,NH3,6.5,-0.46,0.85,195.4,Ammonia
CCO,C2H6O,7.0,-2.35,0.90,159.0,Ethanol
c1ccccc1,C6H6,5.5,-0.82,0.87,278.7,Benzene
CC(C)O,C3H8O,6.9,-2.45,0.89,185.3,Isopropanol
c1ccc(cc1)O,C6H6O,5.2,-1.25,0.86,314.0,Phenol
CC(=O)C,C3H6O,6.3,-1.78,0.88,178.5,Acetone
CCN,C2H7N,6.8,-0.92,0.87,183.3,Ethylamine
c1ccc2ccccc2c1,C10H8,4.8,-1.15,0.85,353.4,Naphthalene
C1CCCCC1,C6H12,6.5,-1.23,0.88,279.7,Cyclohexane
CC(C)(C)O,C4H10O,7.1,-2.67,0.90,298.8,Tert-butanol
Cc1ccccc1,C7H8,5.3,-0.95,0.86,178.2,Toluene
c1ccc(cc1)C,C7H8,5.4,-0.98,0.86,178.2,Methylbenzene
CC(C)C,C4H10,7.3,-1.45,0.88,113.5,Isobutane
CCCC,C4H10,7.2,-1.56,0.88,134.8,Butane
c1ccc(cc1)N,C6H7N,4.9,-0.85,0.84,267.1,Aniline
CC(=O)O,C2H4O2,6.7,-4.32,0.91,289.8,Acetic_Acid
CCOC,C3H8O,6.8,-2.52,0.89,160.0,Methyl_Ethyl_Ether
c1cc(ccc1O)O,C6H6O2,5.0,-2.15,0.87,378.0,Hydroquinone
CC(C)CC,C5H12,7.1,-1.89,0.88,160.0,Isopentane
C1CCOC1,C4H8O,6.2,-1.85,0.87,221.0,Tetrahydrofuran
c1ccc2c(c1)ccc3c2cccc3,C14H10,4.3,-1.45,0.83,373.0,Anthracene
CC(C)(C)C,C5H12,7.4,-2.01,0.89,263.6,Neopentane
c1ccc(cc1)Cl,C6H5Cl,5.6,-0.45,0.85,227.9,Chlorobenzene
CCCCO,C4H10O,6.9,-2.78,0.89,183.8,1-Butanol
c1ccc(cc1)F,C6H5F,5.8,-0.35,0.86,188.4,Fluorobenzene
CC1=CC=CC=C1,C7H8,5.3,-0.96,0.86,178.2,Toluene_isomer
c1ccc(cc1)Br,C6H5Br,5.4,-0.55,0.84,242.7,Bromobenzene
CCCCCC,C6H14,7.0,-2.34,0.88,177.8,Hexane
c1ccc(cc1)I,C6H5I,5.1,-0.68,0.83,261.5,Iodobenzene
CC(C)CC(C)C,C7H16,7.2,-3.12,0.89,224.0,Dimethylpentane
c1ccc2c(c1)oc3c2cccc3,C12H8O,4.5,-1.28,0.84,355.7,Dibenzofuran
CCCCCCC,C7H16,7.1,-2.67,0.88,182.6,Heptane
c1ccc(cc1)c2ccccc2,C12H10,4.6,-1.52,0.84,342.2,Biphenyl
CCCCCCCC,C8H18,7.0,-3.01,0.88,216.3,Octane
c1ccc2c(c1)sc3c2cccc3,C12H8S,4.4,-1.35,0.83,372.4,Dibenzothiophene
CCCCCCCCC,C9H20,6.9,-3.34,0.88,219.7,Nonane
CCCCCCCCCC,C10H22,6.8,-3.68,0.88,243.5,Decane
c1ccc2c(c1)[nH]c3c2cccc3,C12H9N,4.3,-1.22,0.83,362.0,Carbazole
CC(C)CCC(C)C,C8H18,7.1,-3.45,0.89,226.0,Dimethylhexane
c1ccc2c(c1)c3ccccc3[nH]2,C12H9N,4.2,-1.18,0.82,362.0,Carbazole_isomer
CCCCC(C)C,C7H16,7.2,-2.89,0.89,207.4,2-Methylhexane
c1ccc(c(c1)c2ccccc2)c3ccccc3,C18H14,4.1,-2.15,0.82,399.0,Triphenylmethane
CC(C)CCCC(C)C,C9H20,7.0,-3.78,0.89,240.0,Dimethylheptane
c1ccc(cc1)c2ccc(cc2)c3ccccc3,C18H14,4.0,-2.25,0.81,445.0,p-Terphenyl
CCCC(C)CCC,C8H18,7.1,-3.56,0.89,235.0,3-Methylheptane
c1ccc2c(c1)ccc3c2ccc4c3cccc4,C18H12,3.8,-2.45,0.80,478.0,Tetracene
CC(C)CC(C)CC(C)C,C10H22,7.2,-4.12,0.89,263.0,Trimethylheptane
CCOC(=O)C,C3H6O2,6.4,-2.85,0.89,189.6,Ethyl_Acetate
c1ccncc1,C5H5N,5.2,-0.65,0.86,231.5,Pyridine
C1COCCO1,C4H8O2,6.1,-1.92,0.88,213.0,1,4-Dioxane
CC(C)=O,C3H6O,6.3,-1.78,0.88,178.5,Acetone_isomer
c1ccccc1O,C6H6O,5.3,-1.25,0.86,314.0,Phenol_isomer
CCCCCCCCCCC,C11H24,6.7,-3.95,0.88,247.7,Undecane
CCCCCCCCCCCC,C12H26,6.6,-4.21,0.87,263.6,Dodecane
C(C(=O)O)N,C2H5NO2,6.5,-3.25,0.90,508.0,Glycine
c1ccc(cc1)CN,C7H9N,5.1,-1.05,0.85,267.0,Benzylamine
CC(C)CCO,C4H10O,6.9,-2.55,0.89,200.0,Isobutanol
C1CC1,C3H6,7.4,-1.05,0.87,89.9,Cyclopropane
C1CCC1,C4H8,7.2,-1.15,0.88,182.3,Cyclobutane
C1CCCCC1O,C6H12O,6.3,-2.05,0.88,298.0,Cyclohexanol
c1ccc(cc1)OC,C7H8O,5.4,-1.35,0.86,248.0,Anisole
CC(=O)N,C2H5NO,6.4,-2.15,0.89,354.0,Acetamide
CCCCCCCCCCCCC,C13H28,6.5,-4.45,0.87,270.0,Tridecane
c1cocc1,C4H4O,5.6,-0.85,0.86,188.0,Furan
c1cscc1,C4H4S,5.4,-0.75,0.85,239.0,Thiophene
CCOCC,C4H10O,6.8,-2.65,0.89,156.0,Diethyl_Ether
c1ccccc1C(=O)O,C7H6O2,5.7,-3.45,0.89,395.0,Benzoic_Acid
CCCC(=O)O,C4H8O2,6.5,-3.15,0.90,267.0,Butyric_Acid
c1ccc(cc1)NO2,C6H5NO3,5.5,-0.95,0.84,298.0,Nitrobenzene
CCCCCCCCCCCCCC,C14H30,6.3,-4.85,0.86,279.0,Tetradecane
CCOCCO,C4H10O2,6.2,-2.75,0.88,192.0,Ethylene_Glycol_Ethyl_Ether
c1ccc2c(c1)cccc2,C10H8,4.9,-1.15,0.85,353.4,Naphthalene_isomer
CCC(C)CC,C5H12,7.1,-1.95,0.88,143.0,Pentane
CC(C)CO,C3H8O,6.9,-2.35,0.89,185.3,Isopropanol_isomer
C1CC2CCCC2C1,C10H16,6.2,-1.85,0.87,432.0,Decalin
c1cc2ccccc2cc1,C10H8,4.8,-1.15,0.85,353.4,Naphthalene_alt
CCCCCCCCCCCCCCCC,C16H34,6.1,-5.25,0.85,291.0,Hexadecane
c1ccc(cc1)C(C)C,C9H12,5.2,-1.45,0.86,177.0,Cumene
CC(C)(C)CC,C5H12,7.2,-2.05,0.89,256.0,Neopentane_alt
CCOC(=O)CC,C5H10O2,6.3,-2.95,0.89,198.0,Ethyl_Propionate
c1ccccc1C(=O)OC,C8H8O2,5.6,-3.55,0.88,269.0,Methyl_Benzoate
CCCCCCCCCCCCCCCCCC,C18H38,5.9,-5.65,0.84,301.0,Octadecane
C1CCNCC1,C5H10N,6.3,-1.25,0.87,314.0,Piperidine
c1ccccc1C#N,C7H5N,5.4,-0.85,0.84,260.0,Benzonitrile
CC(=O)CC,C3H6O,6.4,-1.85,0.88,178.5,Acetone_alt
CCCCCCCCCCCCCCCCCCCC,C20H42,5.7,-6.05,0.83,310.0,Eicosane
c1ccc(cc1)C(=O)C,C8H8O,5.5,-1.95,0.86,293.0,Acetophenone
CCCCCC(=O)O,C6H12O2,6.4,-3.45,0.90,269.0,Hexanoic_Acid
c1ccc(cc1)OCC,C8H10O,5.3,-1.75,0.87,258.0,Phenethyl_Alcohol
CC(C)C(=O)O,C4H8O2,6.5,-3.05,0.90,252.0,Isobutyric_Acid
c1ccc(cc1)S,C6H6S,5.3,-0.65,0.85,244.0,Thiophenol
CCCCCCCCCCCCCCCCCCCCCC,C22H46,5.5,-6.45,0.82,317.0,Docosane
C1CCCN1,C4H8N,6.4,-1.15,0.87,292.0,Pyrrolidine
c1ccc(cc1)N(C)C,C8H11N,5.0,-1.05,0.85,194.0,N,N-Dimethylaniline
CCCCCCCCCCCCCCCCCCCCCCCC,C24H50,5.3,-6.85,0.81,324.0,Tetracosane
c1ccc2c(c1)C=CC=C2,C10H8,4.9,-1.15,0.85,353.4,Naphthalene_alt2
CC(C)C(C)O,C4H10O,7.1,-2.67,0.90,298.8,Tert-butanol_alt
CCCCCCCCCCCCCCCCCCCCCCCCCC,C26H54,5.1,-7.25,0.80,330.0,Hexacosane
c1ccccc1C(C)C,C9H12,5.2,-1.45,0.86,177.0,Isopropylbenzene
CCCCCCCCCCCCCCCCCCCCCCCCCCCC,C28H58,4.9,-7.65,0.79,336.0,Octacosane
CCOC(=O)C(C)C,C6H12O2,6.2,-3.05,0.89,195.0,Ethyl_Isobutyrate
c1ccc(cc1)OC(=O)C,C9H10O2,5.4,-3.65,0.87,276.0,Phenyl_Acetate
CCCCCCCCCCCCCCCCCCCCCCCCCCCCCC,C30H62,4.7,-8.05,0.78,342.0,Triacontane
C1C2CC3CC1CC(C2)C3,C10H16,6.1,-1.95,0.86,458.0,Adamantane
c1ccc(cc1)c2ccccc2C,C13H12,4.5,-1.85,0.84,325.0,Diphenylmethane
CCCCCCCCCCCCCCCCCCCCCCCCCCCCCCCC,C32H66,4.5,-8.45,0.77,347.0,Dotriacontane
CCOC(=O)C=C,C5H8O2,6.0,-2.85,0.88,193.0,Ethyl_Acrylate
c1ccc(cc1)c2ccccc2O,C12H10O,4.4,-2.05,0.84,342.0,Phenyl_Phenol
CCCCCCCCCCCCCCCCCCCCCCCCCCCCCCCCCC,C34H70,4.3,-8.85,0.76,352.0,Tetratriacontane
C1=CC=CC=C1,C6H6,5.5,-0.82,0.87,278.7,Benzene_alt
c1ccc(cc1)c2ccc(cc2)OC,C13H12O,4.3,-2.15,0.83,368.0,Diphenyl_Ether
CCCCCCCCCCCCCCCCCCCCCCCCCCCCCCCCCCCC,C36H74,4.1,-9.25,0.75,357.0,Hexatriacontane
CC(C)CCOC,C5H12O,6.7,-2.75,0.89,170.0,Isobutyl_Methyl_Ether
c1ccc(cc1)c2ccccc2S,C12H10S,4.3,-1.95,0.83,348.0,Diphenyl_Sulfide
CCCCCCCCCCCCCCCCCCCCCCCCCCCCCCCCCCCCCC,C38H78,3.9,-9.65,0.74,362.0,Octatriacontane
CCOCCOC,C5H12O2,6.1,-2.85,0.88,185.0,Ethylene_Glycol_Dimethyl_Ether
c1ccc(cc1)c2ccccc2N,C12H11N,4.2,-1.75,0.82,330.0,Diphenylamine
CCCCCCCCCCCCCCCCCCCCCCCCCCCCCCCCCCCCCCCC,C40H82,3.7,-10.05,0.73,367.0,Tetracontane
CC(C)OC(=O)C,C5H10O2,6.3,-3.15,0.89,200.0,Isopropyl_Acetate
c1ccc(cc1)c2ccccc2C=O,C13H10O,4.1,-2.25,0.81,321.0,Benzophenone
CCCCCCCCCCCCCCCCCCCCCCCCCCCCCCCCCCCCCCCCCC,C42H86,3.5,-10.45,0.72,372.0,Dotetracontane
CCOC(=O)COC,C6H12O3,6.0,-3.25,0.88,205.0,Ethyl_Glycolate
c1ccc(cc1)c2ccc(cc2)C=O,C13H10O,4.1,-2.25,0.81,321.0,Benzophenone_alt
CCCCCCCCCCCCCCCCCCCCCCCCCCCCCCCCCCCCCCCCCCCC,C44H90,3.3,-10.85,0.71,377.0,Tetratetracontane
CC(C)CC(=O)O,C5H10O2,6.4,-3.25,0.90,245.0,Isovaleric_Acid
c1ccc(cc1)c2ccc(cc2)CO,C13H12O,4.2,-2.15,0.82,354.0,Diphenylmethanol
CCCCCCCCCCCCCCCCCCCCCCCCCCCCCCCCCCCCCCCCCCCCCC,C46H94,3.1,-11.25,0.70,382.0,Hexatetracontane
CCOC(=O)C(CC)C,C7H14O2,6.1,-3.35,0.89,210.0,Ethyl_2-Methylbutyrate
c1ccc(cc1)c2ccc(cc2)CN,C13H13N,4.0,-1.85,0.81,315.0,Diphenylmethylamine
CCCCCCCCCCCCCCCCCCCCCCCCCCCCCCCCCCCCCCCCCCCCCCCC,C48H98,2.9,-11.65,0.69,387.0,Octatetracontane
CC(C)CC(C)O,C6H14O,6.8,-2.95,0.89,230.0,Diisopropyl_Ether
c1ccc(cc1)c2ccc(cc2)C(C)C,C15H16,4.0,-2.35,0.80,340.0,Diphenylpropane
CCCCCCCCCCCCCCCCCCCCCCCCCCCCCCCCCCCCCCCCCCCCCCCCCC,C50H102,2.7,-12.05,0.68,392.0,Pentacontane
CCOC(=O)CCC(=O)OC,C8H14O4,5.8,-4.25,0.87,225.0,Diethyl_Malonate
c1ccc(cc1)c2ccc(cc2)C(C)(C)C,C16H18,3.9,-2.45,0.79,355.0,Diphenylbutane
CCCCCCCCCCCCCCCCCCCCCCCCCCCCCCCCCCCCCCCCCCCCCCCCCCCC,C52H106,2.5,-12.45,0.67,397.0,Dopentacontane
CC(C)CCOC(=O)C,C7H14O2,6.0,-3.45,0.89,215.0,Isobutyl_Acetate
c1ccc(cc1)c2ccc(cc2)C(OC)C,C15H16O,3.8,-2.55,0.78,365.0,Methoxydiphenylmethane
CCCCCCCCCCCCCCCCCCCCCCCCCCCCCCCCCCCCCCCCCCCCCCCCCCCCCC,C54H110,2.3,-12.85,0.66,402.0,Tetrapentacontane
CCOC(=O)C(C)C(=O)OC,C7H12O4,5.9,-3.95,0.88,230.0,Ethyl_Acetoacetate
c1ccc(cc1)c2ccc(cc2)C(SC)C,C15H16S,3.7,-2.65,0.77,372.0,Methylthiomethyldiphenyl
